"Code","Council","GP","Vacant","LAB","CON","LD","Other","SNP","PC","DUP","SF","AL","SDLP","UUP","raw_total","party"
"E06000001","Hartlepool","0","0","0","0","0","5","0","0","0","0","0","0","0","32","NOC"
"E06000006","Halton","0","0","0","0","0","0","5","0","0","0","0","0","0","56","SNP"
"E06000008","Blackburn with Darwen","0","0","0","0","0","0","0","0","0","9","0","0","0","51","SF"
"E06000010","Kingston upon Hull, City of","0","0","0","0","0","0","0","0","0","0","0","0","0","57","None"
"E06000012","North East Lincolnshire","0","0","0","0","0","0","0","0","0","0","0","4","0","42","SDLP"
"E06000015","Derby","0","0","0","0","5","0","0","0","4","0","0","0","0","51","LD"
"E06000026","Plymouth","0","0","0","0","0","0","0","0","0","0","0","0","0","57","None"
"E06000030","Swindon","0","0","0","0","0","0","0","0","0","0","0","0","0","57","None"
"E06000031","Peterborough","0","0","0","0","0","0","0","0","0","0","0","0","0","60","None"
"E06000033","Southend-on-Sea","0","0","0","0","0","0","0","0","0","0","0","0","0","51","None"
"E06000034","Thurrock","0","0","0","0","0","0","0","0","0","0","0","0","0","49","None"
"E06000038","Reading","0","0","0","0","0","0","0","0","0","0","0","0","0","46","None"
"E06000039","Slough","0","0","0","0","0","0","0","0","0","0","0","0","0","42","None"
"E06000041","Wokingham","0","0","0","0","0","0","0","0","0","0","0","0","0","54","None"
"E06000042","Milton Keynes","0","0","0","0","0","0","0","0","0","0","0","0","5","57","UUP"
"E06000044","Portsmouth","0","0","0","0","0","0","0","0","0","0","0","0","0","42","None"
"E06000045","Southampton","0","0","0","0","0","0","0","0","0","0","0","0","0","48","None"
"E07000008","Cambridge","0","0","0","0","0","0","0","0","0","9","0","0","0","42","SF"
"E07000011","Huntingdonshire","0","0","0","0","0","0","0","0","0","0","0","0","0","52","None"
"E07000012","South Cambridgeshire","0","0","0","0","0","0","0","0","0","0","0","0","0","45","None"
"E07000032","Amber Valley","0","0","0","0","0","0","0","0","0","0","0","0","0","45","None"
"E07000041","Exeter","0","0","0","0","0","0","0","0","0","0","0","0","0","39","None"
"E07000062","Hastings","0","0","0","0","0","0","0","0","0","0","0","0","0","32","None"
"E07000066","Basildon","0","4","0","0","0","0","0","0","0","0","0","0","0","42","NOC"
"E07000068","Brentwood","0","0","0","0","0","0","2","0","0","0","0","0","0","37","SNP"
"E07000069","Castle Point","0","0","0","0","0","0","0","0","0","0","0","0","0","41","None"
"E07000071","Colchester","0","0","0","0","0","0","0","0","0","0","0","0","0","51","None"
"E07000072","Epping Forest","0","0","0","0","0","0","0","0","0","0","0","0","0","58","None"
"E07000073","Harlow","0","0","0","0","0","0","0","0","0","0","0","0","0","33","None"
"E07000075","Rochford","0","0","0","0","0","0","0","0","0","0","0","0","0","39","None"
"E07000078","Cheltenham","0","0","0","0","0","0","0","0","0","0","0","0","0","40","None"
"E07000084","Basingstoke and Deane","0","0","0","0","0","0","0","0","0","0","0","0","0","60","None"
"E07000086","Eastleigh","0","0","0","0","0","0","0","0","0","0","0","0","0","39","None"
"E07000087","Fareham","0","0","0","0","0","0","0","0","0","0","0","0","0","31","None"
"E07000088","Gosport","0","0","0","0","0","0","0","0","0","0","0","0","0","34","None"
"E07000089","Hart","0","0","0","0","0","0","0","0","0","0","0","0","0","33","None"
"E07000090","Havant","0","0","0","0","0","0","0","0","0","0","0","0","0","38","None"
"E07000092","Rushmoor","0","0","0","0","0","0","0","0","0","0","0","0","0","39","None"
"E07000094","Winchester","0","0","0","0","0","0","0","0","0","0","0","0","0","45","None"
"E07000095","Broxbourne","0","0","0","0","0","0","0","0","0","0","0","0","0","30","None"
"E07000099","North Hertfordshire","0","0","0","0","0","0","0","0","0","0","0","0","0","49","None"
"E07000102","Three Rivers","0","0","0","0","0","0","0","0","0","0","0","0","0","39","None"
"E07000103","Watford","0","0","0","0","0","0","0","0","0","0","0","0","0","36","None"
"E07000110","Maidstone","0","0","0","0","0","0","0","0","0","0","0","0","0","55","None"
"E07000116","Tunbridge Wells","0","0","0","0","0","0","0","0","0","0","0","0","0","48","None"
"E07000117","Burnley","0","0","0","0","0","0","0","0","0","0","0","0","0","45","None"
"E07000118","Chorley","0","0","0","0","0","0","0","0","0","0","0","0","0","47","None"
"E07000120","Hyndburn","0","0","0","0","0","0","0","0","0","0","0","0","0","35","None"
"E07000122","Pendle","0","0","0","0","0","0","0","0","0","0","0","0","0","33","None"
"E07000123","Preston","0","0","0","0","0","0","0","0","0","0","0","0","0","48","None"
"E07000125","Rossendale","0","0","0","0","0","0","0","0","0","0","0","0","0","36","None"
"E07000127","West Lancashire","0","0","0","0","0","0","0","0","0","0","0","0","0","54","None"
"E07000138","Lincoln","0","0","0","0","0","0","0","0","0","0","0","0","0","33","None"
"E07000148","Norwich","0","0","0","0","0","0","0","0","0","0","0","0","0","39","None"
"E07000177","Cherwell","0","0","0","0","0","0","0","0","0","0","0","0","0","48","None"
"E07000178","Oxford","0","0","0","0","0","0","0","0","0","0","0","0","0","48","None"
"E07000181","West Oxfordshire","0","0","0","0","0","0","0","0","0","0","0","0","0","49","None"
"E07000192","Cannock Chase","0","0","0","0","0","0","0","0","0","0","0","0","0","41","None"
"E07000195","Newcastle-under-Lyme","0","0","0","0","0","0","0","0","0","0","0","0","0","44","None"
"E07000199","Tamworth","0","0","0","0","0","0","0","0","0","0","0","0","0","30","None"
"E07000202","Ipswich","0","0","5","0","0","0","0","0","0","0","0","0","0","48","LAB"
"E07000207","Elmbridge","0","0","0","0","0","0","0","0","0","0","0","0","0","48","None"
"E07000210","Mole Valley","0","0","0","0","0","0","0","0","0","0","0","0","0","41","None"
"E07000211","Reigate and Banstead","0","0","0","0","0","0","0","0","0","0","0","0","0","51","None"
"E07000212","Runnymede","0","0","0","0","0","0","0","0","0","0","0","0","0","42","None"
"E07000215","Tandridge","0","0","0","0","0","0","0","0","0","0","0","0","0","42","None"
"E07000217","Woking","0","0","0","0","0","0","0","0","0","0","0","0","0","30","None"
"E07000219","Nuneaton and Bedworth","0","0","0","0","0","0","0","0","0","0","0","0","0","34","None"
"E07000220","Rugby","0","0","0","0","0","0","0","0","0","0","0","0","0","42","None"
"E07000223","Adur","0","0","0","0","0","0","0","0","0","0","0","0","0","29","None"
"E07000226","Crawley","0","0","0","0","0","0","0","0","0","0","0","0","0","36","None"
"E07000229","Worthing","0","0","0","0","0","0","0","0","0","0","0","0","0","37","None"
"E07000236","Redditch","0","0","0","0","0","0","0","0","0","0","0","0","0","29","None"
"E07000237","Worcester","0","0","0","0","0","0","0","0","0","0","0","0","0","35","None"
"E07000240","St Albans","0","0","0","0","0","0","0","0","0","0","0","0","0","58","None"
"E07000241","Welwyn Hatfield","0","0","0","0","0","0","0","0","0","0","0","0","0","48","None"
"E07000243","Stevenage","0","0","0","0","0","0","0","0","0","0","0","0","0","39","None"
"E08000001","Bolton","0","0","0","0","0","0","0","0","0","0","0","0","0","60","None"
"E08000002","Bury","0","0","0","0","0","0","0","0","0","0","0","0","0","51","None"
"E08000003","Manchester","0","0","0","0","0","0","0","0","0","0","0","0","0","96","None"
"E08000004","Oldham","0","0","0","0","0","0","0","0","0","0","0","0","0","60","None"
"E08000005","Rochdale","0","0","0","0","0","0","0","0","0","0","0","0","0","60","None"
"E08000006","Salford","0","0","0","0","0","0","0","0","0","0","0","0","0","60","None"
"E08000007","Stockport","0","0","0","0","0","0","0","0","0","0","0","0","0","63","None"
"E08000008","Tameside","0","0","0","0","0","0","0","0","0","0","0","0","0","57","None"
"E08000009","Trafford","0","0","0","0","0","0","0","0","0","0","0","0","0","63","None"
"E08000010","Wigan","0","0","0","0","0","0","0","0","0","0","0","0","0","75","None"
"E08000011","Knowsley","0","0","0","0","0","0","0","0","0","0","0","0","0","45","None"
"E08000013","St. Helens","0","0","0","0","0","0","0","0","0","0","0","0","0","48","None"
"E08000014","Sefton","0","0","0","0","0","0","0","0","0","0","0","0","0","66","None"
"E08000015","Wirral","0","0","0","0","0","0","0","0","0","0","0","0","0","66","None"
"E08000016","Barnsley","0","0","0","0","0","0","0","0","0","0","0","0","0","63","None"
"E08000019","Sheffield","0","0","0","0","0","0","0","0","0","0","0","0","0","84","None"
"E08000021","Newcastle upon Tyne","0","0","0","0","0","0","0","0","0","0","0","0","0","78","None"
"E08000022","North Tyneside","0","0","0","0","0","0","0","0","0","0","0","0","0","60","None"
"E08000023","South Tyneside","0","0","0","0","0","0","0","0","0","0","0","0","0","54","None"
"E08000024","Sunderland","0","0","0","0","0","0","0","0","0","0","0","0","0","75","None"
"E08000025","Birmingham","0","0","0","0","0","0","0","0","0","0","0","0","0","101","None"
"E08000026","Coventry","0","0","0","0","0","0","0","0","0","0","0","0","0","54","None"
"E08000027","Dudley","0","0","0","0","0","0","0","0","0","0","0","0","0","72","None"
"E08000028","Sandwell","0","0","0","0","0","0","0","0","0","0","0","0","0","72","None"
"E08000029","Solihull","0","0","0","0","0","0","0","0","0","0","0","0","0","51","None"
"E08000030","Walsall","0","0","0","0","0","0","0","0","0","0","0","0","0","60","None"
"E08000031","Wolverhampton","0","0","0","0","0","0","0","0","0","0","0","0","0","60","None"
"E08000032","Bradford","0","0","0","0","0","0","0","0","0","0","0","0","0","90","None"
"E08000033","Calderdale","0","0","0","0","0","0","0","0","0","0","0","0","0","51","None"
"E08000034","Kirklees","0","0","0","0","0","0","0","0","0","0","0","0","0","69","None"
"E08000035","Leeds","0","0","0","0","0","0","0","0","0","0","0","0","0","99","None"
"E08000036","Wakefield","0","0","0","0","0","0","0","0","0","0","0","0","0","63","None"
"E08000037","Gateshead","0","0","0","0","0","0","0","0","0","0","0","0","0","66","None"
"E09000001","City of London","0","0","0","0","0","0","0","0","0","0","0","0","0","NA","None"
"E09000002","Barking and Dagenham","0","0","0","0","0","0","0","0","0","0","0","0","0","51","None"
"E09000003","Barnet","0","0","0","0","0","0","0","0","0","0","0","0","0","63","None"
"E09000004","Bexley","0","0","0","0","0","0","0","0","0","0","0","0","0","45","None"
"E09000005","Brent","0","0","0","0","0","0","0","0","0","0","0","0","0","63","None"
"E09000006","Bromley","0","0","0","0","0","0","0","0","0","0","0","0","0","60","None"
"E09000007","Camden","0","0","0","0","0","0","0","0","0","0","0","0","0","54","None"
"E09000008","Croydon","0","0","0","0","0","0","0","0","0","0","0","0","0","70","None"
"E09000009","Ealing","0","0","0","0","0","0","0","0","0","0","0","0","0","69","None"
"E09000010","Enfield","0","0","0","0","0","0","0","0","0","0","0","0","0","63","None"
"E09000011","Greenwich","0","0","0","0","0","0","0","0","0","0","0","0","0","51","None"
"E09000012","Hackney","0","0","0","0","0","0","0","0","0","0","0","0","0","57","None"
"E09000013","Hammersmith and Fulham","0","0","0","0","0","0","0","0","0","0","0","0","0","46","None"
"E09000014","Haringey","0","0","0","0","0","0","0","0","0","0","0","0","0","57","None"
"E09000015","Harrow","0","0","0","0","0","0","0","0","0","0","0","0","0","63","None"
"E09000016","Havering","0","0","0","0","0","0","0","0","0","0","0","0","0","54","None"
"E09000017","Hillingdon","0","0","0","0","0","0","0","0","0","0","0","0","0","65","None"
"E09000018","Hounslow","0","0","0","0","0","0","0","0","0","0","0","0","0","60","None"
"E09000019","Islington","0","0","0","0","0","0","0","0","0","0","0","0","0","48","None"
"E09000020","Kensington and Chelsea","0","0","0","0","0","0","0","0","0","0","0","0","0","50","None"
"E09000021","Kingston upon Thames","0","0","0","0","0","0","0","0","0","0","0","0","0","48","None"
"E09000022","Lambeth","0","0","0","0","0","0","0","0","0","0","0","0","0","63","None"
"E09000023","Lewisham","0","0","0","0","0","0","0","0","0","0","0","0","0","54","None"
"E09000024","Merton","0","0","0","0","0","0","0","0","0","0","0","0","0","60","None"
"E09000025","Newham","0","0","0","0","0","0","0","0","0","0","0","0","0","60","None"
"E09000026","Redbridge","0","0","0","0","0","0","0","0","0","0","0","0","0","63","None"
"E09000027","Richmond upon Thames","0","0","0","0","0","0","0","0","0","0","0","0","0","54","None"
"E09000028","Southwark","0","0","0","0","0","0","0","0","0","0","0","0","0","63","None"
"E09000029","Sutton","0","0","0","0","0","0","0","0","0","0","0","0","0","54","None"
"E09000030","Tower Hamlets","0","0","0","0","0","0","0","0","0","0","0","0","0","45","None"
"E09000031","Waltham Forest","0","0","0","0","0","0","0","0","0","0","0","0","0","60","None"
"E09000032","Wandsworth","0","0","0","0","0","0","0","0","0","0","0","0","0","60","None"
"E09000033","Westminster","0","0","0","0","0","0","0","0","0","0","0","0","0","60","None"
"E10000023","North Yorkshire","0","0","0","0","0","0","0","0","0","0","0","0","0","72","None"
"E10000027","Somerset","10","0","10","0","0","0","0","0","0","0","0","0","0","55","NOC"
"ENEW_C","Cumberland","0","0","0","0","0","0","0","0","0","0","0","0","0","46","None"
"ENEW_W","Westmorland and Furness","0","0","0","0","0","0","0","0","0","0","0","0","0","65","None"
"S12000005","Clackmannanshire","0","0","0","0","0","0","0","0","0","0","0","0","0","18","None"
"S12000006","Dumfries and Galloway","0","0","0","0","0","0","0","0","0","0","0","0","0","43","None"
"S12000008","East Ayrshire","0","0","0","0","0","0","0","0","0","0","0","0","0","32","None"
"S12000010","East Lothian","0","0","0","0","0","0","0","0","0","0","0","0","0","22","None"
"S12000011","East Renfrewshire","0","0","0","0","0","0","0","0","0","0","0","0","0","18","None"
"S12000013","Na h-Eileanan Siar","0","0","0","0","0","0","0","0","0","0","0","0","0","31","None"
"S12000014","Falkirk","0","0","0","0","0","0","0","0","0","0","0","0","0","30","None"
"S12000017","Highland","0","0","0","0","0","0","0","0","0","0","0","0","0","74","None"
"S12000018","Inverclyde","0","0","0","0","0","0","0","0","0","0","0","0","0","22","None"
"S12000019","Midlothian","0","0","0","0","0","0","0","0","0","0","0","0","0","18","None"
"S12000020","Moray","0","0","0","0","0","0","0","0","0","0","0","0","0","26","None"
"S12000021","North Ayrshire","0","0","0","0","0","0","0","0","0","0","0","0","0","33","None"
"S12000023","Orkney Islands","0","0","0","0","0","0","0","0","0","0","0","0","0","21","None"
"S12000026","Scottish Borders","0","0","0","0","0","0","0","0","0","0","0","0","0","34","None"
"S12000027","Shetland Islands","0","0","0","0","0","0","0","0","0","0","0","0","0","22","None"
"S12000028","South Ayrshire","0","0","0","0","0","0","0","0","0","0","0","0","0","28","None"
"S12000029","South Lanarkshire","0","0","0","0","0","0","0","0","0","0","0","0","0","64","None"
"S12000030","Stirling","0","0","0","0","0","0","0","0","0","0","0","0","0","23","None"
"S12000033","Aberdeen City","0","0","0","0","0","0","0","0","0","0","0","0","0","45","None"
"S12000034","Aberdeenshire","0","0","0","0","0","0","0","0","0","0","0","0","0","70","None"
"S12000035","Argyll and Bute","0","0","0","0","0","0","0","0","0","0","0","0","0","36","None"
"S12000036","City of Edinburgh","0","0","0","0","0","0","0","0","0","0","0","0","0","63","None"
"S12000038","Renfrewshire","0","0","0","0","0","0","0","0","0","0","0","0","0","43","None"
"S12000039","West Dunbartonshire","0","0","0","0","0","0","0","0","0","0","0","0","0","22","None"
"S12000040","West Lothian","0","0","0","0","0","0","0","0","0","0","0","0","0","33","None"
"S12000041","Angus","0","0","0","0","0","0","0","0","0","0","0","0","0","28","None"
"S12000042","Dundee City","0","0","0","0","0","0","0","0","0","0","0","0","0","29","None"
"S12000045","East Dunbartonshire","0","0","0","0","0","0","0","0","0","0","0","0","0","22","None"
"S12000047","Fife","0","0","0","0","0","0","0","0","0","0","0","0","0","75","None"
"S12000048","Perth and Kinross","0","0","0","0","0","0","0","0","0","0","0","0","0","40","None"
"S12000049","Glasgow City","0","0","0","0","0","0","0","0","0","0","0","0","0","85","None"
"S12000050","North Lanarkshire","0","0","0","0","0","0","0","0","0","0","0","0","0","77","None"
"W06000001","Isle of Anglesey","0","0","0","0","0","0","0","0","0","0","0","0","0","30","None"
"W06000002","Gwynedd","0","0","0","0","0","0","0","0","0","0","0","0","0","75","None"
"W06000003","Conwy","0","0","0","0","0","0","0","0","0","0","0","0","0","59","None"
"W06000004","Denbighshire","0","0","0","0","0","0","0","0","0","0","0","0","0","47","None"
"W06000005","Flintshire","0","0","0","0","0","0","0","0","0","0","0","0","0","70","None"
"W06000006","Wrexham","0","0","0","0","0","0","0","0","0","0","0","0","0","52","None"
"W06000008","Ceredigion","0","0","0","0","0","0","0","0","0","0","0","0","0","42","None"
"W06000009","Pembrokeshire","0","0","0","0","0","0","0","0","0","0","0","0","0","60","None"
"W06000010","Carmarthenshire","0","0","0","0","0","0","0","0","0","0","0","0","0","74","None"
"W06000011","Swansea","0","0","0","0","0","0","0","0","0","0","0","0","0","72","None"
"W06000012","Neath Port Talbot","0","0","0","0","0","0","0","0","0","0","0","0","0","64","None"
"W06000013","Bridgend","0","0","0","0","0","0","0","0","0","0","0","0","0","54","None"
"W06000014","Vale of Glamorgan","0","0","0","0","0","0","0","0","0","0","0","0","0","47","None"
"W06000015","Cardiff","0","0","0","0","0","0","0","0","0","0","0","0","0","75","None"
"W06000016","Rhondda Cynon Taf","0","0","0","0","0","0","0","0","0","0","0","0","0","75","None"
"W06000018","Caerphilly","0","0","0","0","0","0","0","0","0","0","0","0","0","73","None"
"W06000019","Blaenau Gwent","0","0","0","0","0","0","0","0","0","0","0","0","0","42","None"
"W06000020","Torfaen","0","0","0","0","0","0","0","0","0","0","0","0","0","44","None"
"W06000021","Monmouthshire","0","0","0","0","0","0","0","0","0","0","0","0","0","43","None"
"W06000022","Newport","0","0","0","0","0","0","0","0","0","0","0","0","0","50","None"
"W06000023","Powys","0","0","0","0","0","0","0","0","0","0","0","0","0","73","None"
"W06000024","Merthyr Tydfil","0","0","0","0","0","0","0","0","0","0","0","0","0","33","None"
"N06000001","Belfast East","0","0","0","0","0","0","0","0","0","0","0","0","0","5","None"
"N06000002","Belfast North","0","0","0","0","0","0","0","0","0","0","0","0","0","5","None"
"N06000003","Belfast South","0","0","0","0","0","0","0","0","0","0","0","0","0","5","None"
"N06000004","Belfast West","0","0","0","0","0","0","0","0","0","0","0","0","0","5","None"
"N06000005","East Antrim","0","0","0","0","0","0","0","0","0","0","0","0","0","5","None"
"N06000006","East Londonderry","0","0","0","0","0","0","0","0","0","0","0","0","0","5","None"
"N06000007","Fermanagh and South Tyrone","0","0","0","0","0","0","0","0","0","0","0","0","0","5","None"
"N06000008","Foyle","0","0","0","0","0","0","0","0","0","0","0","0","0","5","None"
"N06000009","Lagan Valley","0","0","0","0","0","0","0","0","0","0","0","0","0","5","None"
"N06000010","Mid Ulster","0","0","0","0","0","0","0","0","0","0","0","0","0","5","None"
"N06000011","Newry and Armagh","0","0","0","0","0","0","0","0","0","0","0","0","0","5","None"
"N06000012","North Antrim","0","0","0","0","0","0","0","0","0","0","0","0","0","5","None"
"N06000013","North Down","0","0","0","0","0","0","0","0","0","0","0","0","0","5","None"
"N06000014","South Antrim","0","0","0","0","0","0","0","0","0","0","0","0","0","5","None"
"N06000015","South Down","0","0","0","0","0","0","0","0","0","0","0","0","0","5","None"
"N06000016","Strangford","0","0","0","0","0","0","0","0","0","0","0","0","0","5","None"
"N06000017","Upper Bann","0","0","0","0","0","0","0","0","0","0","0","0","0","5","None"
"N06000018","West Tyrone","0","0","0","0","0","0","0","0","0","0","0","0","0","5","None"